review_text,sentiment
Loved how the professor connected theoretical models to industry projects. Overall.,Positive
Lectures often went off-topic and missed core concepts.,Negative
Syllabus was updated with latest tools and industry standards.,Positive
Great peer learning environment and active student community. Overall.,Positive
"Neutral opinion overall, it meets basic course requirements.",Neutral
Note: Excellent support during office hours from both professor and teaching assistants.,Positive
I loved the practical hands-on projects; they really helped me learn. Overall.,Positive
Felt like a complete waste of time and tuition fees.,Negative
"Very good learning experience overall, worth taking.",Positive
Terrible communication from the professor regarding exam schedules. Overall.,Negative
Note: The lecture slides were very detailed and easy to review later.,Positive
"Inspiring domain expert taught the class, thoroughly enjoyed every lecture.",Positive
Class schedule was well planned and followed the timeline strictly. Overall.,Positive
Loved how the professor connected theoretical models to industry projects.,Positive
Assignment instructions were vague and constantly changed mid-week.,Negative
Felt like the instructor was reading directly from the slides without explaining. Overall.,Negative
Syllabus was updated with latest tools and industry standards.,Positive
The instructor was often late and unorganized during lectures.,Negative
Fantastic experience! The real-world case studies made learning fun. Overall.,Positive
"The workload is manageable, neither too heavy nor too light.",Neutral
,Neutral
,Positive
,Negative
Assignment instructions were vague and constantly changed mid-week.,Negative
Harsh grading without constructive feedback provided on submissions. Overall.,Negative
Note: Super helpful TA who conducted optional revision sessions before exams.,Positive
Highly recommended for anyone looking to build strong fundamentals in this domain.,Positive
Felt like a complete waste of time and tuition fees. Overall.,Negative
Fantastic experience! The real-world case studies made learning fun.,Positive
,Positive
The grading criteria are completely unfair and transparent submission guidelines were missing. Overall.,Negative
Fantastic experience! The real-world case studies made learning fun.,Positive
Outdated slides with broken code examples that don't execute.,Negative
Comprehensive syllabus that prepares you well for industry roles. Overall.,Positive
The lecture slides were very detailed and easy to review later.,Positive
"Note: Teaching style is a bit dry, but slides are very detailed.",Neutral
Great balance of group work and individual assessments. Overall.,Positive
Assignments were graded way too late in the semester.,Negative
The interactive quizzes after each module really helped reinforce concepts.,Positive
Loved how the professor connected theoretical models to industry projects. Overall.,Positive
Note: The lecture slides were very detailed and easy to review later.,Positive
"Neither good nor bad, just a typical university elective.",Neutral
Highly recommended for anyone looking to build strong fundamentals in this domain. Overall.,Positive
Great peer learning environment and active student community.,Positive
Highly recommended for anyone looking to build strong fundamentals in this domain.,Positive
The course structure was confusing and assignments felt completely disconnected. Overall.,Negative
"Very poor feedback on assignments, hard to know where we lost marks.",Negative
The lab sessions were helpful and matched lecture topics accurately.,Positive
The course follows the standard textbook curriculum strictly. Overall.,Neutral
The grading criteria are completely unfair and transparent submission guidelines were missing.,Negative
Note: Great assignments that challenged our critical thinking skills.,
Prompt response from the teaching team whenever we had doubts. Overall.,Positive
Assignment instructions were vague and constantly changed mid-week.,Negative
The textbook required for this course is outdated and expensive.,Negative
Exams were extremely difficult and covered topics never discussed in class. Overall.,Negative
"Note: Average course content, but the guest lectures were very engaging.",Neutral
The software tools required were outdated and incompatible with modern OS.,Negative
"The syllabus is decent, but pace of teaching is way too fast. Overall.",Negative
Loved how the professor connected theoretical models to industry projects.,Positive
"Very poor feedback on assignments, hard to know where we lost marks.",Negative
The mid-term exam was unreasonably long for the allocated time. Overall.,Negative
Decent balance between theoretical foundations and practical exercises.,Positive
Too many tight deadlines back-to-back made the semester needlessly stressful.,Negative
"Average lectures, but reading recommendations were insightful. Overall.",Neutral
Harsh grading without constructive feedback provided on submissions.,Negative
Note: Too many tight deadlines back-to-back made the semester needlessly stressful.,Negative
"Average lectures, but reading recommendations were insightful. Overall.",Neutral
The professor made difficult topics so easy to understand.,Positive
"Decent content, though pace felt moderate throughout.",Neutral
The course follows the standard textbook curriculum strictly. Overall.,Neutral
Note: Good introduction to the subject matter for absolute beginners.,
Great peer learning environment and active student community.,Positive
Great assignments that challenged our critical thinking skills. Overall.,Positive
"Average lectures, but reading recommendations were insightful.",Neutral
"Lectures are standard, nothing exceptional but covers the syllabus fine.",Neutral
The lecture slides were very detailed and easy to review later. Overall.,Positive
The course follows the standard textbook curriculum strictly.,Neutral
Engaging discussions and interactive group assignments throughout the semester.,Positive
The instructor was often late and unorganized during lectures. Overall.,Negative
The course structure was confusing and assignments felt completely disconnected.,Negative
Note: Good introduction to the subject matter for absolute beginners.,
The professor made difficult topics so easy to understand. Overall.,Positive
Prompt response from the teaching team whenever we had doubts.,Positive
The course load was overwhelming given the credit hours assigned.,Negative
Clear rubric provided for all major project submissions. Overall.,Positive
Note: Decent balance between theoretical foundations and practical exercises.,Positive
The course load was overwhelming given the credit hours assigned.,Negative
Prompt response from the teaching team whenever we had doubts. Overall.,Positive
Super helpful TA who conducted optional revision sessions before exams.,Positive
"It covers necessary concepts, but nothing extra or standout.",Neutral
The course materials were well organized on the online portal. Overall.,Positive
The instructor explains complex concepts with extreme clarity and patience.,Positive
I loved the practical hands-on projects; they really helped me learn.,Positive
,Negative
Fantastic experience! The real-world case studies made learning fun.,Positive
Note: Prompt response from the teaching team whenever we had doubts.,Positive
Engaging discussions and interactive group assignments throughout the semester. Overall.,Positive
Clear rubric provided for all major project submissions.,Positive
Fairly standard course with expected workload and topics.,Neutral
Outdated slides with broken code examples that don't execute. Overall.,Negative
Note: The instructor was often late and unorganized during lectures.,Negative
Engaging discussions and interactive group assignments throughout the semester.,Positive
The textbook required for this course is outdated and expensive. Overall.,Negative
Too many tight deadlines back-to-back made the semester needlessly stressful.,Negative
Excellent support during office hours from both professor and teaching assistants.,Positive
,Neutral
Boring presentation style made it very hard to stay focused.,Negative
"Neither good nor bad, just a typical university elective.",Neutral
Great balance of group work and individual assessments. Overall.,Positive
"Satisfactory overall experience, matches what was described in syllabus.",
Note: The lecture slides were very detailed and easy to review later.,Positive
"Inspiring domain expert taught the class, thoroughly enjoyed every lecture. Overall.",Positive
Class schedule was well planned and followed the timeline strictly.,Positive
The course follows the standard textbook curriculum strictly.,Neutral
The course load was overwhelming given the credit hours assigned. Overall.,Negative
Note: Class schedule was well planned and followed the timeline strictly.,Positive
"Teaching style is a bit dry, but slides are very detailed.",Neutral
"Satisfactory overall experience, matches what was described in syllabus. Overall.",Neutral
The lab sessions were helpful and matched lecture topics accurately.,Positive
Class schedule was well planned and followed the timeline strictly.,Positive
"Neutral opinion overall, it meets basic course requirements. Overall.",Neutral
"Neither good nor bad, just a typical university elective.",Neutral
"Neutral opinion overall, it meets basic course requirements.",Neutral
Highly recommended for anyone looking to build strong fundamentals in this domain. Overall.,Positive
Audio quality in recorded online lectures was terrible and unlistenable.,Negative
Note: The textbook required for this course is outdated and expensive.,Negative
The lecture slides were very detailed and easy to review later. Overall.,Positive
Unprofessional behavior from the teaching staff during evaluations.,Negative
Great balance of group work and individual assessments.,Positive
The textbook required for this course is outdated and expensive. Overall.,Negative
Note: The instructor was often late and unorganized during lectures.,Negative
Fantastic experience! The real-world case studies made learning fun.,Positive
"Very good learning experience overall, worth taking. Overall.",Positive
Prompt response from the teaching team whenever we had doubts.,Positive
"The syllabus is decent, but pace of teaching is way too fast.",Negative
,Negative
The mid-term exam was unreasonably long for the allocated time.,Negative
,Negative
Engaging discussions and interactive group assignments throughout the semester. Overall.,Positive
"Average course content, but the guest lectures were very engaging.",
"Note: Satisfactory overall experience, matches what was described in syllabus.",Neutral
Lectures often went off-topic and missed core concepts. Overall.,Negative
Harsh grading without constructive feedback provided on submissions.,Negative
Exams were extremely difficult and covered topics never discussed in class.,Negative
Class schedule was well planned and followed the timeline strictly. Overall.,Positive
Note: Excellent support during office hours from both professor and teaching assistants.,
The course load was overwhelming given the credit hours assigned.,Negative
"The workload is manageable, neither too heavy nor too light. Overall.",Neutral
"Teaching style is a bit dry, but slides are very detailed.",Neutral
"It covers necessary concepts, but nothing extra or standout.",Neutral
Prompt response from the teaching team whenever we had doubts. Overall.,Positive
Comprehensive syllabus that prepares you well for industry roles.,Positive
"Average course content, but the guest lectures were very engaging.",Neutral
"Neutral opinion overall, it meets basic course requirements. Overall.",Neutral
"Very good learning experience overall, worth taking.",Positive
Note: The instructor explains complex concepts with extreme clarity and patience.,Positive
Great balance of group work and individual assessments. Overall.,Positive
Terrible communication from the professor regarding exam schedules.,Negative
Audio quality in recorded online lectures was terrible and unlistenable.,Negative
Great balance of group work and individual assessments. Overall.,Positive
Note: Terrible communication from the professor regarding exam schedules.,Negative
"Inspiring domain expert taught the class, thoroughly enjoyed every lecture.",Positive
"Lectures are standard, nothing exceptional but covers the syllabus fine. Overall.",Neutral
The course follows the standard textbook curriculum strictly.,Neutral
Outdated slides with broken code examples that don't execute.,Negative
"Very poor feedback on assignments, hard to know where we lost marks. Overall.",Negative
"Average course content, but the guest lectures were very engaging.",Neutral
Prompt response from the teaching team whenever we had doubts.,Positive
"Decent content, though pace felt moderate throughout. Overall.",Neutral
Fantastic experience! The real-world case studies made learning fun.,Positive
Note: The course structure was confusing and assignments felt completely disconnected.,Negative
Comprehensive syllabus that prepares you well for industry roles. Overall.,Positive
Assignment instructions were vague and constantly changed mid-week.,Negative
"Average experience, good for fulfilling core graduation credits.",Neutral
I loved the practical hands-on projects; they really helped me learn. Overall.,Positive
Note: Terrible communication from the professor regarding exam schedules.,Negative
The professor made difficult topics so easy to understand.,Positive
Terrible communication from the professor regarding exam schedules. Overall.,Negative
"Inspiring domain expert taught the class, thoroughly enjoyed every lecture.",Positive
Fairly standard course with expected workload and topics.,Neutral
Exams were extremely difficult and covered topics never discussed in class. Overall.,Negative
Lectures often went off-topic and missed core concepts.,Negative
Good introduction to the subject matter for absolute beginners.,Positive
Too many tight deadlines back-to-back made the semester needlessly stressful. Overall.,Negative
"Neutral opinion overall, it meets basic course requirements.",Neutral
Note: The textbook required for this course is outdated and expensive.,Negative
Boring presentation style made it very hard to stay focused. Overall.,Negative
Great balance of group work and individual assessments.,Positive
The mid-term exam was unreasonably long for the allocated time.,Negative
The mid-term exam was unreasonably long for the allocated time. Overall.,Negative
Note: The software tools required were outdated and incompatible with modern OS.,Negative
"Very good learning experience overall, worth taking.",Positive
The lab sessions were helpful and matched lecture topics accurately. Overall.,Positive
The course structure was confusing and assignments felt completely disconnected.,Negative
The instructor explains complex concepts with extreme clarity and patience.,Positive
Terrible communication from the professor regarding exam schedules. Overall.,Negative
Audio quality in recorded online lectures was terrible and unlistenable.,Negative
"Lectures are standard, nothing exceptional but covers the syllabus fine.",Neutral
"Average lectures, but reading recommendations were insightful. Overall.",Neutral
Exams were extremely difficult and covered topics never discussed in class.,Negative
Note: The software tools required were outdated and incompatible with modern OS.,Negative
Class schedule was well planned and followed the timeline strictly. Overall.,Positive
The professor made difficult topics so easy to understand.,Positive
Comprehensive syllabus that prepares you well for industry roles.,Positive
,Positive
,Positive
"Teaching style is a bit dry, but slides are very detailed.",Neutral
Outdated slides with broken code examples that don't execute. Overall.,Negative
"Neutral opinion overall, it meets basic course requirements.",Neutral
The course materials were well organized on the online portal.,Positive
"Inspiring domain expert taught the class, thoroughly enjoyed every lecture. Overall.",Positive
"Neutral opinion overall, it meets basic course requirements.",Neutral
"Inspiring domain expert taught the class, thoroughly enjoyed every lecture.",Positive
The course structure was confusing and assignments felt completely disconnected. Overall.,Negative
Extremely slow response time on discussion forums.,Negative
Note: Prompt response from the teaching team whenever we had doubts.,Positive
"Class hours are convenient, though the classroom facilities could be better. Overall.",Neutral
,Positive
Unprofessional behavior from the teaching staff during evaluations.,Negative
The course structure was confusing and assignments felt completely disconnected. Overall.,Negative
Note: The mid-term exam was unreasonably long for the allocated time.,Negative
"It covers necessary concepts, but nothing extra or standout.",Neutral
The instructor explains complex concepts with extreme clarity and patience. Overall.,Positive
Way too theoretical with zero practical application taught.,Negative
The interactive quizzes after each module really helped reinforce concepts.,Positive
Comprehensive syllabus that prepares you well for industry roles. Overall.,Positive
Syllabus was updated with latest tools and industry standards.,Positive
,Negative
Highly recommended for anyone looking to build strong fundamentals in this domain. Overall.,
"Inspiring domain expert taught the class, thoroughly enjoyed every lecture.",
Note: I loved the practical hands-on projects; they really helped me learn.,Positive
Decent balance between theoretical foundations and practical exercises. Overall.,
"Very good learning experience overall, worth taking.",Positive
Great peer learning environment and active student community.,Positive
"Neutral opinion overall, it meets basic course requirements. Overall.",Neutral
Note: Felt like the instructor was reading directly from the slides without explaining.,Negative
Exams were extremely difficult and covered topics never discussed in class.,Negative
The textbook required for this course is outdated and expensive. Overall.,Negative
"Neutral opinion overall, it meets basic course requirements.",Neutral
Decent balance between theoretical foundations and practical exercises.,Positive
The software tools required were outdated and incompatible with modern OS. Overall.,Negative
"Teaching style is a bit dry, but slides are very detailed.",Neutral
Great assignments that challenged our critical thinking skills.,Positive
Felt like the instructor was reading directly from the slides without explaining. Overall.,Negative
Super helpful TA who conducted optional revision sessions before exams.,Positive
Note: Boring presentation style made it very hard to stay focused.,Negative
Fairly standard course with expected workload and topics. Overall.,Neutral
Syllabus was updated with latest tools and industry standards.,Positive
Good introduction to the subject matter for absolute beginners.,Positive
"Average course content, but the guest lectures were very engaging. Overall.",Neutral
Note: Decent balance between theoretical foundations and practical exercises.,Positive
"Average experience, good for fulfilling core graduation credits.",Neutral
"Average course content, but the guest lectures were very engaging. Overall.",Neutral
,Negative
The textbook required for this course is outdated and expensive.,Negative
Boring presentation style made it very hard to stay focused. Overall.,Negative
Too many tight deadlines back-to-back made the semester needlessly stressful.,Negative
The course follows the standard textbook curriculum strictly.,Neutral
"Very good learning experience overall, worth taking. Overall.",Positive
"The syllabus is decent, but pace of teaching is way too fast.",
"Note: Decent content, though pace felt moderate throughout.",Neutral
The software tools required were outdated and incompatible with modern OS. Overall.,Negative
Way too theoretical with zero practical application taught.,Negative
Good introduction to the subject matter for absolute beginners.,Positive
Assignment instructions were vague and constantly changed mid-week. Overall.,Negative
Note: Fairly standard course with expected workload and topics.,Neutral
The interactive quizzes after each module really helped reinforce concepts.,Positive
The lab sessions were helpful and matched lecture topics accurately. Overall.,Positive
"Decent content, though pace felt moderate throughout.",Neutral
The course materials were well organized on the online portal.,Positive
Highly recommended for anyone looking to build strong fundamentals in this domain. Overall.,Positive
The instructor explains complex concepts with extreme clarity and patience.,Positive
"Lectures are standard, nothing exceptional but covers the syllabus fine.",Neutral
The course follows the standard textbook curriculum strictly. Overall.,Neutral
Too many tight deadlines back-to-back made the semester needlessly stressful.,Negative
Note: Syllabus was updated with latest tools and industry standards.,Positive
Terrible communication from the professor regarding exam schedules. Overall.,Negative
"Very poor feedback on assignments, hard to know where we lost marks.",Negative
"Average lectures, but reading recommendations were insightful.",Neutral
Extremely slow response time on discussion forums. Overall.,Negative
Note: Clear rubric provided for all major project submissions.,Positive
The lab sessions were helpful and matched lecture topics accurately.,Positive
The textbook required for this course is outdated and expensive. Overall.,Negative
Felt like the instructor was reading directly from the slides without explaining.,Negative
Super helpful TA who conducted optional revision sessions before exams.,Positive
The instructor explains complex concepts with extreme clarity and patience. Overall.,Positive
Engaging discussions and interactive group assignments throughout the semester.,Positive
Standard university level course with typical assignment loads.,Neutral
Standard university level course with typical assignment loads. Overall.,Neutral
Class schedule was well planned and followed the timeline strictly.,Positive
Note: Way too theoretical with zero practical application taught.,Negative
"Neutral opinion overall, it meets basic course requirements. Overall.",Neutral
Boring presentation style made it very hard to stay focused.,Negative
Loved how the professor connected theoretical models to industry projects.,Positive
Disorganized schedule with constant rescheduling of lectures. Overall.,Negative
Note: The instructor explains complex concepts with extreme clarity and patience.,Positive
Terrible communication from the professor regarding exam schedules.,Negative
Great assignments that challenged our critical thinking skills. Overall.,Positive
Good introduction to the subject matter for absolute beginners.,Positive
"Neither good nor bad, just a typical university elective.",Neutral
Prompt response from the teaching team whenever we had doubts. Overall.,Positive
Audio quality in recorded online lectures was terrible and unlistenable.,Negative
Fantastic experience! The real-world case studies made learning fun.,Positive
Unprofessional behavior from the teaching staff during evaluations. Overall.,Negative
The course materials were well organized on the online portal.,Positive
"Note: Satisfactory overall experience, matches what was described in syllabus.",Neutral
The course load was overwhelming given the credit hours assigned. Overall.,Negative
"Very good learning experience overall, worth taking.",Positive
"It covers necessary concepts, but nothing extra or standout.",Neutral
The interactive quizzes after each module really helped reinforce concepts. Overall.,Positive
Note: Standard university level course with typical assignment loads.,Neutral
"Average course content, but the guest lectures were very engaging.",Neutral
Harsh grading without constructive feedback provided on submissions. Overall.,Negative
,Neutral
"Class hours are convenient, though the classroom facilities could be better.",Neutral
Exams were extremely difficult and covered topics never discussed in class. Overall.,Negative
,Positive
Unprofessional behavior from the teaching staff during evaluations.,Negative
"Lectures are standard, nothing exceptional but covers the syllabus fine. Overall.",Neutral
The lecture slides were very detailed and easy to review later.,Positive
"Note: Satisfactory overall experience, matches what was described in syllabus.",Neutral
,Negative
The textbook required for this course is outdated and expensive.,Negative
"Very good learning experience overall, worth taking.",Positive
Engaging discussions and interactive group assignments throughout the semester. Overall.,Positive
Note: Exams were extremely difficult and covered topics never discussed in class.,Negative
Fairly standard course with expected workload and topics.,Neutral
"Average lectures, but reading recommendations were insightful. Overall.",Neutral
Exams were extremely difficult and covered topics never discussed in class.,Negative
The mid-term exam was unreasonably long for the allocated time.,Negative
Comprehensive syllabus that prepares you well for industry roles. Overall.,Positive
The instructor explains complex concepts with extreme clarity and patience.,Positive
Standard university level course with typical assignment loads.,Neutral
The instructor explains complex concepts with extreme clarity and patience. Overall.,Positive
The grading criteria are completely unfair and transparent submission guidelines were missing.,Negative
Note: Highly recommended for anyone looking to build strong fundamentals in this domain.,Positive
I loved the practical hands-on projects; they really helped me learn. Overall.,Positive
The textbook required for this course is outdated and expensive.,Negative
,Negative
"It covers necessary concepts, but nothing extra or standout. Overall.",Neutral
Note: Felt like the instructor was reading directly from the slides without explaining.,Negative
Harsh grading without constructive feedback provided on submissions.,Negative
Exams were extremely difficult and covered topics never discussed in class. Overall.,Negative
The grading criteria are completely unfair and transparent submission guidelines were missing.,Negative
"Average lectures, but reading recommendations were insightful.",Neutral
I loved the practical hands-on projects; they really helped me learn. Overall.,Positive
I loved the practical hands-on projects; they really helped me learn.,Positive
Harsh grading without constructive feedback provided on submissions.,Negative
The grading criteria are completely unfair and transparent submission guidelines were missing. Overall.,Negative
Engaging discussions and interactive group assignments throughout the semester.,Positive
Note: Harsh grading without constructive feedback provided on submissions.,Negative
Great assignments that challenged our critical thinking skills. Overall.,Positive
The course load was overwhelming given the credit hours assigned.,Negative
"Neutral opinion overall, it meets basic course requirements.",Neutral
The course load was overwhelming given the credit hours assigned. Overall.,Negative
Note: Boring presentation style made it very hard to stay focused.,Negative
The grading criteria are completely unfair and transparent submission guidelines were missing.,Negative
The grading criteria are completely unfair and transparent submission guidelines were missing. Overall.,Negative
Great peer learning environment and active student community.,Positive
Way too theoretical with zero practical application taught.,Negative
The lecture slides were very detailed and easy to review later. Overall.,Positive
,Negative
The professor made difficult topics so easy to understand.,Positive
Too many tight deadlines back-to-back made the semester needlessly stressful. Overall.,Negative
Prompt response from the teaching team whenever we had doubts.,Positive
Note: The textbook required for this course is outdated and expensive.,Negative
Unprofessional behavior from the teaching staff during evaluations. Overall.,Negative
The mid-term exam was unreasonably long for the allocated time.,Negative
The course materials were well organized on the online portal.,Positive
"Inspiring domain expert taught the class, thoroughly enjoyed every lecture. Overall.",Positive
"Note: Very good learning experience overall, worth taking.",Positive
Exams were extremely difficult and covered topics never discussed in class.,Negative
Disorganized schedule with constant rescheduling of lectures. Overall.,Negative
,Positive
The lab sessions were helpful and matched lecture topics accurately.,Positive
Loved how the professor connected theoretical models to industry projects. Overall.,Positive
Harsh grading without constructive feedback provided on submissions.,Negative
Way too theoretical with zero practical application taught.,
Standard university level course with typical assignment loads. Overall.,Neutral
Fantastic experience! The real-world case studies made learning fun.,Positive
"Note: Lectures are standard, nothing exceptional but covers the syllabus fine.",Neutral
Boring presentation style made it very hard to stay focused. Overall.,Negative
Prompt response from the teaching team whenever we had doubts.,Positive
The software tools required were outdated and incompatible with modern OS.,Negative
The grading criteria are completely unfair and transparent submission guidelines were missing. Overall.,Negative
Note: Disorganized schedule with constant rescheduling of lectures.,Negative
Syllabus was updated with latest tools and industry standards.,Positive
Harsh grading without constructive feedback provided on submissions. Overall.,Negative
"Satisfactory overall experience, matches what was described in syllabus.",Neutral
Extremely slow response time on discussion forums.,Negative
Fairly standard course with expected workload and topics. Overall.,Neutral
Harsh grading without constructive feedback provided on submissions.,Negative
Great assignments that challenged our critical thinking skills.,Positive
"Inspiring domain expert taught the class, thoroughly enjoyed every lecture. Overall.",Positive
The course load was overwhelming given the credit hours assigned.,Negative
Note: Good introduction to the subject matter for absolute beginners.,Positive
The interactive quizzes after each module really helped reinforce concepts. Overall.,Positive
Too many tight deadlines back-to-back made the semester needlessly stressful.,Negative
The lab sessions were helpful and matched lecture topics accurately.,Positive
Harsh grading without constructive feedback provided on submissions. Overall.,Negative
Note: Terrible communication from the professor regarding exam schedules.,Negative
Audio quality in recorded online lectures was terrible and unlistenable.,Negative
Assignment instructions were vague and constantly changed mid-week. Overall.,Negative
,Positive
Clear rubric provided for all major project submissions.,Positive
The grading criteria are completely unfair and transparent submission guidelines were missing. Overall.,Negative
The interactive quizzes after each module really helped reinforce concepts.,Positive
The lecture slides were very detailed and easy to review later.,Positive
,Positive
Engaging discussions and interactive group assignments throughout the semester.,Positive
Note: Fantastic experience! The real-world case studies made learning fun.,Positive
"The workload is manageable, neither too heavy nor too light. Overall.",Neutral
Prompt response from the teaching team whenever we had doubts.,Positive
"Average lectures, but reading recommendations were insightful.",Neutral
Highly recommended for anyone looking to build strong fundamentals in this domain. Overall.,Positive
,Negative
,Positive
Way too theoretical with zero practical application taught. Overall.,Negative
Fairly standard course with expected workload and topics.,Neutral
"The workload is manageable, neither too heavy nor too light.",Neutral
Syllabus was updated with latest tools and industry standards. Overall.,Positive
"Class hours are convenient, though the classroom facilities could be better.",Neutral
Audio quality in recorded online lectures was terrible and unlistenable.,Negative
Extremely slow response time on discussion forums. Overall.,Negative
Felt like a complete waste of time and tuition fees.,Negative
"Note: Neutral opinion overall, it meets basic course requirements.",Neutral
The course structure was confusing and assignments felt completely disconnected. Overall.,Negative
Assignment instructions were vague and constantly changed mid-week.,Negative
Comprehensive syllabus that prepares you well for industry roles.,Positive
The course materials were well organized on the online portal. Overall.,Positive
Note: Too many tight deadlines back-to-back made the semester needlessly stressful.,Negative
Excellent support during office hours from both professor and teaching assistants.,Positive
Great balance of group work and individual assessments. Overall.,Positive
Exams were extremely difficult and covered topics never discussed in class.,Negative
Good introduction to the subject matter for absolute beginners.,Positive
Highly recommended for anyone looking to build strong fundamentals in this domain. Overall.,Positive
"Lectures are standard, nothing exceptional but covers the syllabus fine.",Neutral
The lab sessions were helpful and matched lecture topics accurately.,Positive
Way too theoretical with zero practical application taught. Overall.,Negative
Felt like a complete waste of time and tuition fees.,Negative
,Negative
"It covers necessary concepts, but nothing extra or standout. Overall.",Neutral
"The workload is manageable, neither too heavy nor too light.",Neutral
"Satisfactory overall experience, matches what was described in syllabus.",Neutral
"It covers necessary concepts, but nothing extra or standout. Overall.",Neutral
Note: The instructor explains complex concepts with extreme clarity and patience.,Positive
Terrible communication from the professor regarding exam schedules.,Negative
Highly recommended for anyone looking to build strong fundamentals in this domain. Overall.,Positive
"Teaching style is a bit dry, but slides are very detailed.",Neutral
Excellent support during office hours from both professor and teaching assistants.,Positive
The course materials were well organized on the online portal. Overall.,Positive
Comprehensive syllabus that prepares you well for industry roles.,Positive
Too many tight deadlines back-to-back made the semester needlessly stressful.,Negative
"Inspiring domain expert taught the class, thoroughly enjoyed every lecture. Overall.",Positive
Highly recommended for anyone looking to build strong fundamentals in this domain.,Positive
Note: Audio quality in recorded online lectures was terrible and unlistenable.,Negative
Syllabus was updated with latest tools and industry standards. Overall.,Positive
The course structure was confusing and assignments felt completely disconnected.,Negative
Harsh grading without constructive feedback provided on submissions.,Negative
The course load was overwhelming given the credit hours assigned. Overall.,Negative
"Note: Average lectures, but reading recommendations were insightful.",Neutral
,Negative
"Average course content, but the guest lectures were very engaging. Overall.",Neutral
Felt like a complete waste of time and tuition fees.,Negative
"Average lectures, but reading recommendations were insightful.",Neutral
"Very poor feedback on assignments, hard to know where we lost marks. Overall.",Negative
Loved how the professor connected theoretical models to industry projects.,Positive
"Lectures are standard, nothing exceptional but covers the syllabus fine.",
"The syllabus is decent, but pace of teaching is way too fast. Overall.",Negative
Felt like a complete waste of time and tuition fees.,Negative
Note: Exams were extremely difficult and covered topics never discussed in class.,
The course structure was confusing and assignments felt completely disconnected. Overall.,Negative
The professor made difficult topics so easy to understand.,Positive
Exams were extremely difficult and covered topics never discussed in class.,Negative
"Lectures are standard, nothing exceptional but covers the syllabus fine. Overall.",
Note: The interactive quizzes after each module really helped reinforce concepts.,Positive
Fantastic experience! The real-world case studies made learning fun.,Positive
Boring presentation style made it very hard to stay focused. Overall.,Negative
Highly recommended for anyone looking to build strong fundamentals in this domain.,Positive
Loved how the professor connected theoretical models to industry projects.,
Extremely slow response time on discussion forums. Overall.,Negative
The mid-term exam was unreasonably long for the allocated time.,Negative
Too many tight deadlines back-to-back made the semester needlessly stressful.,Negative
Exams were extremely difficult and covered topics never discussed in class. Overall.,Negative
"The workload is manageable, neither too heavy nor too light.",Neutral
Note: Fairly standard course with expected workload and topics.,Neutral
Great assignments that challenged our critical thinking skills. Overall.,Positive
Disorganized schedule with constant rescheduling of lectures.,Negative
Extremely slow response time on discussion forums.,Negative
Great balance of group work and individual assessments. Overall.,Positive
Note: Harsh grading without constructive feedback provided on submissions.,Negative
Way too theoretical with zero practical application taught.,Negative
"Neutral opinion overall, it meets basic course requirements. Overall.",Neutral
"Teaching style is a bit dry, but slides are very detailed.",Neutral
"Neither good nor bad, just a typical university elective.",Neutral
The course load was overwhelming given the credit hours assigned. Overall.,Negative
The instructor was often late and unorganized during lectures.,Negative
Disorganized schedule with constant rescheduling of lectures.,Negative
Fairly standard course with expected workload and topics. Overall.,Neutral
"Lectures are standard, nothing exceptional but covers the syllabus fine.",Neutral
